Column1;Column2;Column3;Column4
titulo;link;modelo;marca
Televisor LG LED 65'' UHD 4K Smart Tv 65UP7750 (2021);https://www.plazavea.com.pe/televisor-lg-led-65-uhd-4k-smart-tv-65up7750-2021/p;65UP7750PSB;LG
"Televisor SAMSUNG CRYSTAL UHD 55"" Ultra HD / 4K Smart TV UN55AU8000GXPE";https://www.plazavea.com.pe/televisor-samsung-crystal-uhd-55--ultra-hd---4k-smart-tv-un55au8000gxpe/p;UN55AU8000GXPE;SAMSUNG
Televisor LG LED 55'' UHD 4K Smart Tv 55UP7750 (2021);https://www.plazavea.com.pe/televisor-lg-led-55-uhd-4k-smart-tv-55up7750-2021/p;55UP7750PSB;LG
"Televisor SAMSUNG CRYSTAL UHD 65"" Ultra HD / 4K Smart TV UN65AU8000GXPE";https://www.plazavea.com.pe/televisor-samsung-crystal-uhd-65--ultra-hd---4k-smart-tv-un65au8000gxpe/p;UN65AU8000GXPE;SAMSUNG
Televisor LG NanoCell 75'' UHD 4K ThinQ AI 75NANO75 (2021);https://www.plazavea.com.pe/televisor-lg-nanocell-75-uhd-4k-thinq-ai-75nano75-2021/p;75NANO75SPA;LG
"Televisor HYUNDAI LED 32"" HYLED3236D";https://www.plazavea.com.pe/televisor-hyundai-led-32/p;HYLED3236D;HYUNDAI
Televisor LG LED 43'' UHD 4K Smart Tv 43UP7500 (2021);https://www.plazavea.com.pe/televisor-lg-led-43-uhd-4k-smart-tv-43up7500-2021/p;43UP7500PSF;LG
Televisor LG LED 43'' FHD ThinQ AI 43LM6370;https://www.plazavea.com.pe/televisor-lg-led-43-fhd-thinq-ai-43lm6370/p;43LM6370PSB;LG
Televisor LG NanoCell 55'' UHD 4K ThinQ AI 55NANO75 (2021);https://www.plazavea.com.pe/televisor-lg-nanocell-55-uhd-4k-thinq-ai-55nano75-2021/p;55NANO75SPA;LG
Televisor PHILIPS LED 50'' UHD 4K Smart Tv 50PUD7625;https://www.plazavea.com.pe/televisor-philips-led-50-uhd-4k-smart-tv-50pud7625/p;50PUD7625;PHILIPS
Televisor HISENSE LED 65'' UHD 4K Smart TV 65A6GSV;https://www.plazavea.com.pe/televisor-hisense-led-65-uhd-4k-smart-tv-65a6gsv/p;65A6GSV;HISENSE
Televisor LG LED 60'' UHD 4K Smart Tv 60UP7750 (2021);https://www.plazavea.com.pe/televisor-lg-led-60-uhd-4k-smart-tv-60up7750-2021/p;60UP7750PSB;LG
"Televisor SAMSUNG QLED 55"" Ultra HD / 4K Smart TV QN55Q80AAGXPE";https://www.plazavea.com.pe/televisor-samsung-qled-55--ultra-hd---4k-smart-tv-qn55q80aagxpe/p;QN55Q80AAGXPE;SAMSUNG
titulo;link;modelo;marca
;https://www.plazavea.com.pe/televisor-lg-led-65-uhd-4k-smart-tv-65up7750-2021/p;;
;https://www.plazavea.com.pe/televisor-lg-led-55-uhd-4k-smart-tv-55up7750-2021/p;;
;https://www.plazavea.com.pe/televisor-samsung-led-65--uhd-4k-smart-tv-un65au7000gxpe/p;;
;https://www.plazavea.com.pe/televisor-hisense-led-58-uhd-4k-smart-tv-58a6gsv/p;;
;https://www.plazavea.com.pe/televisor-lg-led-50-uhd-4k-smart-tv-50up7750-2021/p;;
;https://www.plazavea.com.pe/televisor-samsung-led-55--uhd-4k-smart-tv-un55au7000gxpe/p;;
;https://www.plazavea.com.pe/televisor-samsung-led-60-uhd-4k-smart-tv-un60au7000gxpe/p;;
;https://www.plazavea.com.pe/televisor-samsung-crystal-uhd-55--ultra-hd---4k-smart-tv-un55au8000gxpe/p;;
;https://www.plazavea.com.pe/televisor-samsung-led-43--ultra-hd---4k-smart-tv-un43au7000gxpe/p;;
;https://www.plazavea.com.pe/televisor-samsung-led-43-fhd-smart-tv-un43t5202agxpe/p;;
Televisor LG NanoCell 75'' UHD 4K ThinQ AI 75NANO75 (2021);https://www.plazavea.com.pe/televisor-lg-nanocell-75-uhd-4k-thinq-ai-75nano75-2021/p;Modelo;LG
"Televisor SAMSUNG LED 70"" UHD 4K Smart TV UN70AU7000GXPE";https://www.plazavea.com.pe/televisor-samsung-led-70--uhd-4k-smart-tv-un70au7000gxpe/p;;SAMSUNG
Televisor AOC LED 32'' HD Smart TV 32S5305;https://www.plazavea.com.pe/televisor-aoc-led-32-hd-smart-tv-32s5305/p;Modelo;AOC
"Televisor HYUNDAI LED 32"" HYLED3236D";https://www.plazavea.com.pe/televisor-hyundai-led-32/p;Modelo;HYUNDAI
Televisor LG LED 43'' UHD 4K Smart Tv 43UP7500 (2021);https://www.plazavea.com.pe/televisor-lg-led-43-uhd-4k-smart-tv-43up7500-2021/p;Modelo;LG
Televisor HISENSE LED 32'' HD Smart Tv 32A4GSV;https://www.plazavea.com.pe/televisor-hisense-led-32-hd-smart-tv-32a4gsv/p;Modelo;HISENSE
"Televisor BLACKLINE LCD 39"" HD Smart TV 39ST40";https://www.plazavea.com.pe/televisor-blackline-lcd-39--hd-smart-tv-39st40/p;Modelo;BLACKLINE
Televisor LG UHD 43'' 4K ThinQ AI 43UP7700PSB (2021);https://www.plazavea.com.pe/televisor-lg-uhd-43-4k-thinq-ai-43up7700psb-2021/p;Modelo;LG
"Televisor SAMSUNG CRYSTAL UHD 50"" Ultra HD / 4K Smart TV UN50AU8000GXPE";https://www.plazavea.com.pe/televisor-samsung-crystal-uhd-50--ultra-hd---4k-smart-tv-un50au8000gxpe/p;Modelo;SAMSUNG
"Televisor SAMSUNG LED 50"" Ultra HD / 4K Smart TV UN50AU7000GXPE";https://www.plazavea.com.pe/televisor-samsung-led-50--ultra-hd---4k-smart-tv-un50au7000gxpe/p;;SAMSUNG
Televisor LG NanoCell 55'' UHD 4K ThinQ AI 55NANO75 (2021);https://www.plazavea.com.pe/televisor-lg-nanocell-55-uhd-4k-thinq-ai-55nano75-2021/p;Modelo;LG
"Televisor SAMSUNG CRYSTAL UHD 65"" Ultra HD / 4K Smart TV UN65AU8000GXPE";https://www.plazavea.com.pe/televisor-samsung-crystal-uhd-65--ultra-hd---4k-smart-tv-un65au8000gxpe/p;Modelo;SAMSUNG
Televisor PHILIPS LED 50'' UHD 4K Smart Tv 50PUD7625;https://www.plazavea.com.pe/televisor-philips-led-50-uhd-4k-smart-tv-50pud7625/p;Modelo;PHILIPS
Televisor LG LED 43'' FHD ThinQ AI 43LM6370;https://www.plazavea.com.pe/televisor-lg-led-43-fhd-thinq-ai-43lm6370/p;Modelo;LG
Televisor LG LED 60'' UHD 4K Smart Tv 60UP7750 (2021);https://www.plazavea.com.pe/televisor-lg-led-60-uhd-4k-smart-tv-60up7750-2021/p;Modelo;LG
Televisor XIAOMI LED 50'' Smart TV ELA4684LM;https://www.plazavea.com.pe/televisor-xiaomi-led-50-smart-tv-ela4684lm/p;Modelo;XIAOMI
Televisor LG OLED 55'' UHD 4K ThinQ AI OLED55C1 (2021);https://www.plazavea.com.pe/televisor-lg-oled-55-uhd-4k-thinq-ai-oled55c1-2021/p;Modelo;LG
Televisor HISENSE LED 65'' UHD 4K Smart TV 65A6GSV;https://www.plazavea.com.pe/televisor-hisense-led-65-uhd-4k-smart-tv-65a6gsv/p;Modelo;HISENSE
"Televisor PHILIPS LED 32"" HD Smart Tv 32PHD6825";https://www.plazavea.com.pe/televisor-philips-led-32--hd-smart-tv-32phd6825/p;Modelo;PHILIPS
;https://www.plazavea.com.pe/televisor-winia-led-32-hd-smart-tv-l32v750basw/p;;
Televisor LG OLED 55'' UHD 4K ThinQ AI OLED55A1 (2021);https://www.plazavea.com.pe/televisor-lg-oled-55-uhd-4k-thinq-ai-oled55a1-2021/p;Modelo;LG
Televisor HISENSE LED 43'' FHD Smart Tv 43A4GSV;https://www.plazavea.com.pe/televisor-hisense-led-43-fhd-smart-tv-43a4gsv/p;Modelo;HISENSE
;https://www.plazavea.com.pe/televisor-philips-led-43--fhd-smart-tv-43pfd6825/p;;
"Televisor SAMSUNG QLED 50"" Ultra HD / 4K Smart TV QN50Q60AAGXPE";https://www.plazavea.com.pe/televisor-samsung-qled-50--ultra-hd---4k-smart-tv-qn50q60aagxpe/p;Modelo;SAMSUNG
Televisor LG OLED 65'' UHD 4K ThinQ AI OLED65C1 (2021);https://www.plazavea.com.pe/televisor-lg-oled-65-uhd-4k-thinq-ai-oled65c1-2021/p;Modelo;LG
"Televisor SAMSUNG LED 75"" Ultra HD / 4K Smart TV UN75AU7000GXPE";https://www.plazavea.com.pe/televisor-samsung-led-75--ultra-hd---4k-smart-tv-un75au7000gxpe/p;;SAMSUNG
;https://www.plazavea.com.pe/televisor-hyundai-led-42--fhd-smart-tv-hyled425aim/p;;
"Televisor HYUNDAI LED 32"" HD Smart TV HYLED3244NiM";https://www.plazavea.com.pe/televisor-hyundai-led-32--hd-smart-tv-hyled3244nim/p;Modelo;HYUNDAI
Televisor XIAOMI LED 32'' HD Smart TV ELA4644LM;https://www.plazavea.com.pe/televisor-xiaomi-led-32-hd-smart-tv-ela4644lm/p;Modelo;XIAOMI
;https://www.plazavea.com.pe/televisor-hyundai-50--uhd-4k-smart-tv-hyled5017w4km/p;;
;https://www.plazavea.com.pe/televisor-lg-oled-48-4k-thinq-ai-oled48a1psa-2021/p;;
Televisor LG NanoCell 65'' UHD 4K Smart Tv 65NANO75 (2021);https://www.plazavea.com.pe/televisor-lg-nanocell-65-uhd-4k-smart-tv-65nano75-2021/p;Modelo;LG
;https://www.plazavea.com.pe/televisor-panasonic-lcd-32-hd-smart-tv-tc32js500p/p;;
"Televisor SAMSUNG QLED 55"" Ultra HD / 4K Smart TV QN55Q80AAGXPE";https://www.plazavea.com.pe/televisor-samsung-qled-55--ultra-hd---4k-smart-tv-qn55q80aagxpe/p;Modelo;SAMSUNG
Televisor LG OLED 65'' 4K ThinQ AI OLED65G1 (2021);https://www.plazavea.com.pe/televisor-lg-oled-65-4k-thinq-ai-oled65g1-2021/p;Modelo;LG
;https://www.plazavea.com.pe/televisor-aoc-led-50--uhd-4k-smart-tv-50u6305/p;;
;https://www.plazavea.com.pe/televisor-panasonic-led-55-uhd-4k-smart-tv-tc55hx550p/p;;
"Televisor HYUNDAI LED 58"" UHD 4K Smart Tv HYLED5806A4KM";https://www.plazavea.com.pe/televisor-hyundai-led-58--uhd-4k-smart-tv-hyled5806a4km/p;Modelo;HYUNDAI
Televisor LG NanoCell 65'' UHD 4K ThinQ AI 65NANO85 (2021);https://www.plazavea.com.pe/televisor-lg-nanocell-65-uhd-4k-thinq-ai-65nano85-2021/p;Modelo;LG
Televisor PANASONIC LED 50'' UHD 4K Smart TV TC-50HX550P;https://www.plazavea.com.pe/televisor-panasonic-led-50-uhd-4k-smart-tv-tc50hx550p/p;Modelo;PANASONIC
Televisor WINIA LED 43'' FHD Smart Tv L43V750BASW;https://www.plazavea.com.pe/televisor-winia-led-43-fhd-smart-tv-l43v750basw/p;Modelo;WINIA
"Televisor HYUNDAI 55"" UHD 4K Smart TV HYLED5521W4KM";https://www.plazavea.com.pe/televisor-hyundai-55--uhd-4k-smart-tv-hyled5521w4km/p;Modelo;HYUNDAI
;https://www.plazavea.com.pe/televisor-philips-led-58-uhd-4k-smart-tv-58pud7625/p;;
Televisor HAIER LED 55'' UHD 4K Smart TV LE55B9600DUG;https://www.plazavea.com.pe/televisor-haier-led-55-uhd-4k-smart-tv-le55b9600dug/p;Modelo;HAIER
;https://www.plazavea.com.pe/televisor-sony-led-55-uhd-smart-tv-kd55x725fc/p;;
Televisor LG LED 32'' HD ThinQ AI 32LM637B;https://www.plazavea.com.pe/televisor-lg-led-32-hd-thinq-ai-32lm637b/p;Modelo;LG
;https://www.plazavea.com.pe/televisor-aoc-led-43-fhd-smart-tv-43s5195/p;;
Televisor LG NanoCell 86'' UHD 4K ThinQ AI 86NANO75 (2021);https://www.plazavea.com.pe/televisor-lg-nanocell-86-uhd-4k-thinq-ai-86nano75-2021/p;Modelo;LG
Televisor HAIER LED 43'' FHD Smart TV H43K6FG;https://www.plazavea.com.pe/televisor-haier-led-43-fhd-smart-tv-h43k6fg/p;Modelo;HAIER
Televisor LG OLED 48'' 4K ThinQ AI OLED48C1 (2021);https://www.plazavea.com.pe/televisor-lg-oled-48-4k-thinq-ai-oled48c1-2021/p;Modelo;LG
"Televisor BLACKLINE LED 50"" UHD Smart TV";https://www.plazavea.com.pe/televisor-blackline-led-50--uhd-smart-tv/p;Modelo;BLACKLINE
Televisor PANASONIC LED 65'' UHD 4K Smart TV TC-65HX550P;https://www.plazavea.com.pe/televisor-panasonic-led-65-uhd-4k-smart-tv-tc65hx550p/p;Modelo;PANASONIC
;https://www.plazavea.com.pe/televisor-haier-led-50-uhd-4k-smart-tv-h50k6ug/p;;
;https://www.plazavea.com.pe/televisor-philips-led-43-uhd-4k-smart-tv-43pud7406/p;;
Televisor PANASONIC LCD 42'' FHD Smart Tv TC-42JS500P;https://www.plazavea.com.pe/televisor-panasonic-lcd-42-fhd-smart-tv-tc42js500p/p;Modelo;PANASONIC
Televisor AOC LED 32'' HD Smart TV 32S5195;https://www.plazavea.com.pe/televisor-aoc-led-32-hd-smart-tv-32s5195/p;Modelo;AOC
;https://www.plazavea.com.pe/televisor-tcl-led-43-ultra-hd---4k-smart-tv-43p615/p;;
;https://www.plazavea.com.pe/televisor-haier-led-58-ultra-hd---4k-smart-tv-le58k6500dug/p;;
"Televisor AOC LED 43"" FHD Smart TV 43S5305";https://www.plazavea.com.pe/televisor-aoc-led-43--fhd-smart-tv-43s5305/p;Modelo;AOC
Televisor PHILIPS LED 55'' UHD 4K Smart Tv 55PUD7406;https://www.plazavea.com.pe/televisor-philips-led-55-uhd-4k-smart-tv-55pud7406/p;Modelo;PHILIPS
Televisor HYUNDAI LED 58'' Ultra HD / 4K Smart TV HYLED5808W4KM;https://www.plazavea.com.pe/televisor-hyundai-led-58-ultra-hd---4k-smart-tv-hyled5808w4km/p;Modelo;HYUNDAI
Televisor WINIA LED 32'' HD L32B650BASW;https://www.plazavea.com.pe/televisor-winia-led-32-hd-l32b650basw/p;Modelo;WINIA
;https://www.plazavea.com.pe/televisor-samsung-crystal-uhd-43-uhd-4k-smart-tv-un43au7090gxpe/p;;
"Televisor HISENSE LED 55"" UHD Smart TV 55A6GSV";https://www.plazavea.com.pe/televisor-hisense-led-55--uhd-smart-tv-55a6gsv/p;Modelo;HISENSE
;https://www.plazavea.com.pe/televisor-philips-led-65-uhd-4k-smart-tv-65pud7406/p;;
Televisor SAMSUNG LED 32'' HD Smart TV UN32T4300AGXPE;https://www.plazavea.com.pe/televisor-samsung-led-32-hd-smart-tv-un32t4300agxpe/p;Modelo;SAMSUNG
;https://www.plazavea.com.pe/televisor-philips-led-55-uhd-4k-smart-tv-55pud7625/p;;
"Televisor HYUNDAI 65"" UHD 4K Smart TV HYLED6508W4KM";https://www.plazavea.com.pe/televisor-hyundai-65--uhd-4k-smart-tv-hyled6508w4km/p;Modelo;HYUNDAI
;https://www.plazavea.com.pe/rack-para-televisor-prolink-hwm055mk-23-a-55/p;;
Televisor HAIER LED 65'' UHD 4K Smart TV H65K6UG;https://www.plazavea.com.pe/televisor-haier-led-65-uhd-4k-smart-tv-h65k6ug/p;Modelo;HAIER
;https://www.plazavea.com.pe/televisor-winia-led-32-hd-smart-tv-l32b900bqs/p;;
Televisor SAMSUNG LED 55'' UHD 4K Smart Tv UN55AU7090GXPE;https://www.plazavea.com.pe/televisor-samsung-led-55-uhd-4k-smart-tv-un55au7090gxpe/p;Modelo;SAMSUNG
Televisor PANASONIC LCD 43'' UHD 4K Smart Tv TC-43HX550P;https://www.plazavea.com.pe/televisor-panasonic-lcd-43-uhd-4k-smart-tv-tc43hx550p/p;Modelo;PANASONIC
;https://www.plazavea.com.pe/televisor-panasonic-led-43-uhd-4k-smart-tv-tc43gx510p/p;;
Televisor TCL LED 50'' Ultra HD / 4K Smart TV 50P615;https://www.plazavea.com.pe/televisor-tcl-led-50-ultra-hd---4k-smart-tv-50p615/p;Modelo;TCL
Televisor PANASONIC LCD 40'' HD Smart Tv TC-40JS500P;https://www.plazavea.com.pe/televisor-panasonic-lcd-40-hd-smart-tv-tc40js500p/p;Modelo;PANASONIC
Televisor HISENSE ULED XD 50'' UHD 4K Smart Tv 50A6GSV;https://www.plazavea.com.pe/televisor-hisense-uled-xd-50-uhd-4k-smart-tv-50a6gsv/p;Modelo;HISENSE
Televisor HAIER LED 43'' Full HD Smart TV LE43K6500DG;https://www.plazavea.com.pe/televisor-haier-led-43-full-hd-smart-tv-le43k6500dg/p;Modelo;HAIER
;https://www.plazavea.com.pe/televisor-lg-nanocell-55-uhd-4k-thinq-ai-55nano80-2021/p;;
Televisor HAIER LED 32'' HD Smart TV LE32F6000DG;https://www.plazavea.com.pe/televisor-haier-led-32-hd-smart-tv-le32f6000dg/p;Modelo;HAIER
;https://www.plazavea.com.pe/televisor-lg-nanocell-75-uhd-4k-smart-tv-75nano90-2021/p;;
Televisor TCL LED 55'' Ultra HD / 4K Smart TV 55P615;https://www.plazavea.com.pe/televisor-tcl-led-55-ultra-hd---4k-smart-tv-55p615/p;Modelo;TCL
;https://www.plazavea.com.pe/televisor-sony-led-65-uhd-4k-smart-tv-xbr65x805h/p;;
"Televisor SAMSUNG Neo QLED 85"" 8K Smart TV QN85QN900AGXPE";https://www.plazavea.com.pe/televisor-samsung-neo-qled-85--8k-smart-tv-qn85qn900agxpe/p;Modelo;SAMSUNG
Televisor LG LED 86'' UHD 4K Smart Tv 86UP8050 (2021);https://www.plazavea.com.pe/televisor-lg-led-86-uhd-4k-smart-tv-86up8050-2021/p;Modelo;LG
Televisor TCL LED 32'' HD Smart TV 32S60A;https://www.plazavea.com.pe/televisor-tcl-led-32-hd-smart-tv-32s60a/p;Modelo;TCL
Televisor PANASONIC LED  43'' FHD Smart TV TC-43FS510P;https://www.plazavea.com.pe/televisor-panasonic-led43-fhd-smart-tv-tc43fs510p/p;Modelo;PANASONIC
;https://www.plazavea.com.pe/televisor-samsung-crystal-uhd-60-uhd-4k-smart-tv-qn50q80aagxpe/p;;
;https://www.plazavea.com.pe/pack-pelicula-bluray-11y6-capitana-marvel-televisor-blackline-led-50-uhd-smart-tv/p;;
;https://www.plazavea.com.pe/pack-pelicula-bluray-11y6-avengers-endgame-televisor-blackline-led-50-uhd-smart-tv/p;;
;https://www.plazavea.com.pe/televisor-winia-led-43-fhd-smart-tv-l43b750bqs/p;;
;https://www.plazavea.com.pe/pack-pelicula-bluray-11y6-capitana-marvel-televisor-blackline-lcd-39-hd-smart-tv-39st40/p;;
;https://www.plazavea.com.pe/pack-pelicula-bluray-11y6-avengers-endgame-televisor-blackline-lcd-39-hd-smart-tv-39st40/p;;
"Televisor SAMSUNG LED 40"" FHD Smart TV UN40J5200";https://www.plazavea.com.pe/televisor-samsung-led-40--fhd-smart-tv-un40j5200/p;Modelo;SAMSUNG
"Televisor SAMSUNG QLED 55"" Ultra HD / 4K Smart TV QN55LS03AAGXPE";https://www.plazavea.com.pe/televisor-samsung-qled-55--ultra-hd---4k-smart-tv-qn55ls03aagxpe/p;Modelo;SAMSUNG
Televisor LG QNEDl 65'' UHD 4K ThinQ AI 65QNED90 (2021);https://www.plazavea.com.pe/televisor-lg-qnedl-65-uhd-4k-thinq-ai-65qned90-2021/p;Modelo;LG
Televisor HISENSE LED 43'' UHD 4K Smart Tv 43A6GSV;https://www.plazavea.com.pe/televisor-hisense-led-43-uhd-4k-smart-tv-43a6gsv/p;Modelo;HISENSE
;https://www.plazavea.com.pe/televisor-philips-led-uhd-4k-smart-tv-75pud7906/p;;
"Televisor PANASONIC LED 50"" Smart TV TC-50GX500P";https://www.plazavea.com.pe/televisor-panasonic-led-50-smart-tv-tc-50gx500p/p;Modelo;PANASONIC
;https://www.plazavea.com.pe/televisor-samsung-crystal-4k-43-un43au7000gxpe-100362536/p;;
;https://www.plazavea.com.pe/televisor-hyundai-39-hyled397wim-negro-100331522/p;;
Televisor PHILIPS LED UHD 4K Smart TV 70PUD7406;https://www.plazavea.com.pe/televisor-philips-led-uhd-4k-smart-tv-70pud7406/p;Modelo;PHILIPS
Televisor WINIA LED 43'' UHD 4K Smart Tv U43B900BQS;https://www.plazavea.com.pe/televisor-winia-led-43-uhd-4k-smart-tv-u43b900bqs/p;Modelo;WINIA
Televisor PHILIPS LED UHD 4K Smart TV 65PUD7906;https://www.plazavea.com.pe/televisor-philips-led-uhd-4k-smart-tv-65pud7906/p;Modelo;PHILIPS
;https://www.plazavea.com.pe/televisor-samsung-50-au7000-uhd-4k-smart-tv-2021/p;;
;https://www.plazavea.com.pe/televisor-aoc-led-smart-hd-32-32s5305-100184312/p;;
;https://www.plazavea.com.pe/televisor-lg-uhd-4k-thinq-ai-50-50up7750-2021-100147078/p;;
"Televisor SAMSUNG QLED 65"" Ultra HD / 4K Smart TV QN65Q80AAGXPE";https://www.plazavea.com.pe/televisor-samsung-qled-65--ultra-hd---4k-smart-tv-qn65q80aagxpe/p;Modelo;SAMSUNG
"Televisor SAMSUNG LED 58"" UHD 4K Smart TV UN58AU7000GXPE";https://www.plazavea.com.pe/televisor-samsung-led-58--uhd-4k-smart-tv-un58au7000gxpe/p;;SAMSUNG
"Televisor inteligente 70"" AU7000 UHD 4K (2021)";https://www.plazavea.com.pe/televisor-inteligente-70-au7000-uhd-4k-2021-100331520/p;Modelo;SAMSUNG
;https://www.plazavea.com.pe/televisor-lg-nanocell-4k-thinq-ai-50-50nano75-2021-100283043/p;;
"Televisor LG UHD 4K ThinQ AI 65"" 65UP7750 (2021)";https://www.plazavea.com.pe/televisor-lg-uhd-4k-thinq-ai-65-65up7750-2021-100148900/p;Modelo;LG
"Televisor Philips Smart Tv 50"" UHD 4K 50PUD7625 Negro";https://www.plazavea.com.pe/televisor-philips-smart-tv-50-uhd-4k-50pud7625-negro-100148893/p;Modelo;PHILIPS
;https://www.plazavea.com.pe/televisor-lg-uhd-4k-thinq-ai-43-43up7700-2021-100147082/p;;
;https://www.plazavea.com.pe/televisor-lg-nanocell-4k-thinq-ai-55-55nano75-2021-100088018/p;;
"Televisor UHD 50"" UN50AU7000GXPE";https://www.plazavea.com.pe/televisor-uhd-50-un50au7000gxpe-100096661/p;Modelo;SAMSUNG
;https://www.plazavea.com.pe/televisor-samsung-65-au7000-uhd-4k-smart-tv-2021-un65au7000gxpe-100148892/p;;
"Televisor Hyundai 39"" HYLED399AiM Negro";https://www.plazavea.com.pe/televisor-hyundai-39-hyled399aim-negro-100360685/p;Modelo;HYUNDAI
"Televisor LG NanoCell 4K ThinQ AI 55"" 55NANO85 (2021)";https://www.plazavea.com.pe/televisor-lg-nanocell-4k-thinq-ai-55-55nano85-2021-100147249/p;Modelo;LG
"Televisor LG OLED 4K ThinQ AI 65"" OLED65G1 (2021)";https://www.plazavea.com.pe/televisor-lg-oled-4k-thinq-ai-65-oled65g1-2021-100083212/p;Modelo;LG
"Televisor Hyundai 58"" HYLED5808W4KM Plateado";https://www.plazavea.com.pe/televisor-hyundai-58-hyled5808w4km-plateado-100360690/p;Modelo;HYUNDAI
Televisor LG OLED 65'' UHD 4K ThinQ AI OLED65A1 (2021);https://www.plazavea.com.pe/televisor-lg-oled-65-uhd-4k-thinq-ai-oled65a1-2021/p;Modelo;LG
;https://www.plazavea.com.pe/televisor-led-32-ai-thinq-smart-hd-lg-32lm637b-control-magic-2020-100126421/p;;
"Televisor Samsung Smart TV 50"" QLED 4K QN50Q60AAGXPE (2021)";https://www.plazavea.com.pe/televisor-samsung-smart-tv-50qled-4k-qn50q60aagxpe2021100371305/p;Modelo;SAMSUNG
;https://www.plazavea.com.pe/televisor-smart-tv-50-crystal-uhd-4k-50au7000-samsung-100166422/p;;
"Televisor Sony 75"" 4K UHD GOOGLE TV SMART TV LED BRAVIA KD-75X85J";https://www.plazavea.com.pe/televisor-sony-75-4k-uhd-google-tv-smart-tv-led-bravia-kd-75x85j-100147095/p;Modelo;SONY
"Televisor Led Smart TV HD 32"" JVC LT-32KB208";https://www.plazavea.com.pe/televisor-led-smart-tv-hd-32-jvc-lt-32kb208-100182271/p;Modelo;JVC
"Televisor Hyundai 43"" HYLED4321AiM Gris";https://www.plazavea.com.pe/televisor-hyundai-43-hyled4321aim-gris-100360692/p;Modelo;HYUNDAI
"Televisor  Hisense LED HD 32"" 32A4GSV";https://www.plazavea.com.pe/televisor-hisense-led-hd-32-32a4gsv-100194832/p;;HISENSE
;https://www.plazavea.com.pe/televisor-smart-samsung-uhd-4k-55-un55au7090---negro-100401617/p;;
"Televisor Samsung Crystal UHD 50"" UN50AU8000GXPE";https://www.plazavea.com.pe/televisor-samsung-crystal-uhd-50-un50au8000gxpe-100155513/p;Modelo;SAMSUNG
"TELEVISOR LED SMART TV HD 32"" UN32T4300AG SAMSUNG - Televisor Led Smart TV HD 32"" UN32T4300AG SAMSUNG";https://www.plazavea.com.pe/televisor-led-smart-tv-hd-32-un32t4300ag-samsung-100166421/p;Modelo;SAMSUNG
;https://www.plazavea.com.pe/televisor-full-hd-smart-tv-led-32-32phd6825-100077761/p;;
;https://www.plazavea.com.pe/televisor-led-daewoo-dw-32a214hd-32-hd-smart-tv-100211031/p;;
"Televisor LG UHD 4K ThinQ AI 55"" 55UP7750 (2021)";https://www.plazavea.com.pe/televisor-lg-uhd-4k-thinq-ai-55-55up7750-2021-100147085/p;Modelo;LG
"Televisor 32"" LG 32LM637BPSB Smart HD con Control Magic";https://www.plazavea.com.pe/televisor-32-lg-32lm637bpsb-smart-hd-con-control-magic-100087279/p;Modelo;LG
"Televisor LG Smart TV NanoCell 65"" ThinQ AI 65NANO75 2021";https://www.plazavea.com.pe/televisor-lg-smart-tv-nanocell-65-thinq-ai-65nano75-2021-100159323/p;Modelo;LG
"Televisor Hyundai 32"" HYLED3244NiM Plateado";https://www.plazavea.com.pe/televisor-hyundai-32-hyled3244nim-plateado-100360683/p;Modelo;HYUNDAI
;https://www.plazavea.com.pe/televisor-full-hd-smart-tv-43-borderless-43pfd6825-100077765/p;;
;https://www.plazavea.com.pe/televisor-aoc-led-smart-fhd-43-43s5195-100194843/p;;
"Televisor Crystal UHD 55"" UN55AU8000GXPE";https://www.plazavea.com.pe/televisor-crystal-uhd-55-un55au8000gxpe-100096653/p;Modelo;SAMSUNG
;https://www.plazavea.com.pe/televisor-xiaomi-mi-led-tv-4a-32-smart-hd-android-tv-100155400/p;;
"Televisor Samsung Smart TV 50"" Crystal UHD 4K UN50AU8000GXPE (2021)";https://www.plazavea.com.pe/televisor-samsung-smart-tv-50-crystal-uhd-4k-un50au8000gxpe-2021-100283044/p;Modelo;SAMSUNG
"Televisor Samsung 43"" AU7000 UHD 4K Smart TV 2021 UN43AU7000GXPE";https://www.plazavea.com.pe/televisor-samsung-43-au7000-uhd-4k-smart-tv-2021-un43au7000gxpe/p;Modelo;SAMSUNG
"Televisor LG FHD ThinQ AI 43"" 43LM6370";https://www.plazavea.com.pe/televisor-lg-fhd-thinq-ai-43-43lm6370-100147099/p;Modelo;LG
"Televisor LED 32"" AI ThinQ Smart HD LG 32LM637B";https://www.plazavea.com.pe/televisor-led-32-ai-thinq-smart-hd-lg-32lm637b-100082738/p;Modelo;LG
"Televisor UHD 43"" UN43AU7000GXPE";https://www.plazavea.com.pe/televisor-uhd-43-un43au7000gxpe-100096647/p;Modelo;SAMSUNG
Televisor LED HD 32 Smart TV Hisense 32A4GSV + Rack;https://www.plazavea.com.pe/televisor-led-hd-32-smart-tv-hisense-32a4gsv-rack-100204655/p;;HISENSE
"Televisor JVC LT-32KB218 LED Smart TV 32"" FHD";https://www.plazavea.com.pe/televisor-jvc-lt-32kb218-led-smart-tv-32-fhd-100152441/p;Modelo;JVC
;https://www.plazavea.com.pe/televisor-smart-tv-65-crystal-uhd-4k-65au7000-samsung-100166424/p;;
;https://www.plazavea.com.pe/reflector-led-50w-luz-blanca-bvp150-100150019/p;;
;https://www.plazavea.com.pe/televisor-lg-uhd-tv-43-up77-thinq-ai-100150027/p;;
"Televisor RECCO 32"" HD Android Smart TV RLED-L32D1200A +Rack JP1342-01+Limpiador";https://www.plazavea.com.pe/televisor-recco-32-hd-android-smart-tv-rled-l32d1200a-rack-jp1342-01-limpiador-100142201/p;Modelo;RECCO
;https://www.plazavea.com.pe/televisor-lg-uhd-ai-thinq-55-up77-4k-smart-tv-100365902/p;;
;https://www.plazavea.com.pe/televisor-samsung-smart-tv-qled-4k-65-q80a-2021-100146252/p;;
"Televisor LED SMART HD 32"" 32S5195";https://www.plazavea.com.pe/televisor-led-smart-hd-32-32s5195-100194854/p;Modelo;AOC
Xiaomi TV 4A de 32 pulgadas L32M5-5ASP;https://www.plazavea.com.pe/xiaomi-tv-4a-de-32-pulgadas-l32m5-5asp-100368770/p;;XIAOMI
Televisor LED AI ThinQ Smart Tv LG 32LM637B + Magic + Rack;https://www.plazavea.com.pe/televisor-led-ai-thinq-smart-tv-lg-32lm637b-magic-rack-100204707/p;;LG
;https://www.plazavea.com.pe/televisor-lg-nanocell-4k-thinq-ai-65-65nano80-2021-100088016/p;;
"Televisor Samsung Neo QLED 4K Smart TV QN85A 2021 55"" QN55QN85AAGXPE";https://www.plazavea.com.pe/televisor-samsung-neo-qled-4k-smart-tv-qn85a-2021-55-qn55qn85aagxpe-100147096/p;Modelo;SAMSUNG
"Televisor Crystal Smart TV 55"" 4K UHD SAMSUNG 55AU7000";https://www.plazavea.com.pe/televisor-crystal-smart-tv-55-4k-uhd-samsung-55au7000-100204714/p;;SAMSUNG
"Televisor Crystal Smart TV 70"" 4K UHD SAMSUNG 70AU7000";https://www.plazavea.com.pe/televisor-crystal-smart-tv-70-4k-uhd-samsung-70au7000-100204729/p;;SAMSUNG
Televisor Hyundai HYLED3236D LED HD 32';https://www.plazavea.com.pe/televisor-hyundai-hyled3236d-led-hd-32-100183973/p;Modelo;HYUNDAI
"Televisor LG UHD TV 65"" UP77 Thinq Ai";https://www.plazavea.com.pe/televisor-lg-uhd-tv-65-up77-thinq-ai-100150023/p;Modelo;LG
;https://www.plazavea.com.pe/televisor-lg-oled-4k-thinq-ai-77-oled77c1-2021-100147089/p;;
"Televisor Samsung Smart TV 55"" QLED 4K Q80A (2021)";https://www.plazavea.com.pe/televisor-samsung-smart-tv-55-qled-4k-q80a-2021-100173759/p;Modelo;SAMSUNG
"Televisor LED Smart Tv 4K UHD 50"" 50U6305";https://www.plazavea.com.pe/televisor-led-smart-tv-4k-uhd-50-50u6305-100204676/p;;AOC
"Televisor BGH B3219K5IP 32"" HD Smart TV";https://www.plazavea.com.pe/televisor-bgh-b3219k5ip-32-hd-smart-tv-100091093/p;Modelo;BGH
"Televisor  Hisense LED UHD 50"" 50A6GSV";https://www.plazavea.com.pe/televisor-hisense-led-uhd-50-50a6gsv-100194833/p;Modelo;HISENSE
"Televisor LED 32"" HD Smart DAEWOO DW-32A214HD Digital";https://www.plazavea.com.pe/televisor-led-32-hd-smart-daewoo-dw-32a214hd-digital-100204671/p;;DAEWOO
"Televisor Samsung Smart TV 70"" Q60A QLED 4K (2021)";https://www.plazavea.com.pe/televisor-samsung-smart-tv-70-q60a-qled-4k-2021-100173755/p;Modelo;SAMSUNG
"Televisor LG UHD TV 50"" UP77 Thinq Ai";https://www.plazavea.com.pe/televisor-lg-uhd-tv-50-up77-thinq-ai-100150028/p;Modelo;LG
"Televisor Crystal Smart TV 43"" 4K UHD SAMSUNG 43AU7000";https://www.plazavea.com.pe/televisor-crystal-smart-tv-43-4k-uhd-samsung-43au7000-100204732/p;;SAMSUNG
Televisor Led Smart Tv WebOS de32” JVC LT-32KB116;https://www.plazavea.com.pe/televisor-led-smart-tv-webos-de32%E2%80%9D-jvc-lt-32kb116-100204634/p;;JVC
"Televisor LG NanoCell 4K Procesador Inteligente a5 ThinQ AI 70"" 70NANO75 (2021)";https://www.plazavea.com.pe/televisor-lg-nanocell-4k-procesador-inteligente-a5-thinq-ai-70-70nano75-2021-100194890/p;Modelo;LG
"Televisor LED 55"" ThinQ AI 4K UHD LG 55UP7750PSB";https://www.plazavea.com.pe/televisor-led-55-thinq-ai-4k-uhd-lg-55up7750psb-100204705/p;;LG
"Televisor 32"" HD Smart TV PHILIPS 32PHD6825";https://www.plazavea.com.pe/televisor-32-hd-smart-tv-philips-32phd6825-100204675/p;;PHILIPS
"Televisor LED Smart Tv 4K UHD 58"" PHILIPS 58PUD7625";https://www.plazavea.com.pe/televisor-led-smart-tv-4k-uhd-58-philips-58pud7625-100204703/p;;PHILIPS
Televisor LED ThinQ AI UHD 4K 50UP7750PSB 2021 LG;https://www.plazavea.com.pe/televisor-led-thinq-ai-uhd-4k-50up7750psb-2021-lg-100166423/p;Modelo;LG
"Televisor LG MINI LED 4K ThinQ AI 75"" 75QNED99 (2021)";https://www.plazavea.com.pe/televisor-lg-mini-led-4k-thinq-ai-75-75qned99-2021-100173764/p;Modelo;LG
;https://www.plazavea.com.pe/televisor-nex-smart-tv-32-led32g5psmr-bluetooth-100183991/p;;
;https://www.plazavea.com.pe/televisor-crystal-smart-tv-58-4k-uhd-samsung-58au7000-100204673/p;;
"Televisor Sony 65"" 4K UHD GOOGLE TV SMART TV BRAVIA LED KD-65X85J";https://www.plazavea.com.pe/televisor-sony-65-4k-uhd-google-tv-smart-tv-bravia-led-kd-65x85j-100147080/p;Modelo;SONY
;https://www.plazavea.com.pe/televisor-samsung-neo-qled-8k-smart-tv-qn700a-2021-75-qn75qn700agxpe-100147102/p;;
Televisor Philips 50PUD7406;https://www.plazavea.com.pe/televisor-philips-50pud7406-100194841/p;Modelo;PHILIPS
;https://www.plazavea.com.pe/televisor-lg-nanocell-4k-thinq-ai-75-75nano90-2021-100147084/p;;
;https://www.plazavea.com.pe/televisor-samsung-smart-tv-65-crystal-uhd-4k-un65au8000gxpe-2021-100380872/p;;
Televisor LED ThinQ AI 4K UHD LG 65UP7750PSB 2021;https://www.plazavea.com.pe/televisor-led-thinq-ai-4k-uhd-lg-65up7750psb-2021-100204637/p;;LG
;https://www.plazavea.com.pe/televisor-samsung-crystal-4k-uhd-60-un60au7000gxpe-100148897/p;;
"Televisor Philips 32PHD6825 Full HD Smart Tv LED 32""";https://www.plazavea.com.pe/televisor-philips-32phd6825-full-hd-smart-tv-led-32-100183971/p;Modelo;PHILIPS
;https://www.plazavea.com.pe/televisor-philips-55pud7406-100194839/p;;
"Televisor Hyundai 50"" HYLED5017W4KM Plateado";https://www.plazavea.com.pe/televisor-hyundai-50-hyled5017w4km-plateado-100360684/p;Modelo;HYUNDAI
TV LED JVC Smart 32WebOS LT-32KB116 + Magic;https://www.plazavea.com.pe/tv-led-jvc-smart-32webos-lt-32kb116---magic--100368100/p;;JVC
"Televisor Led Smart UHD 4K 43"" Panasonic TC-43GX510P";https://www.plazavea.com.pe/televisor-led-smart-uhd-4k-43-panasonic-tc-43gx510p-100182262/p;Modelo;PANASONIC
"Televisor LG OLED 4K ThinQ AI 77"" OLED77G1 (2021)";https://www.plazavea.com.pe/televisor-lg-oled-4k-thinq-ai-77-oled77g1-2021-100083211/p;Modelo;LG
;https://www.plazavea.com.pe/televisor-hisense-32--led-smart-tv-hd-32a4gsv-100368048/p;;
"Televisor Sony 65"" OLED 4K UHD Google TV Smart TV BRAVIA XR-65A80J";https://www.plazavea.com.pe/televisor-sony-65-oled-4k-uhd-google-tv-smart-tv-bravia-xr-65a80j-100146147/p;Modelo;SONY
"Televisor LG NanoCell 4K ThinQ AI 70"" 70NANO75 (2021)";https://www.plazavea.com.pe/televisor-lg-nanocell-4k-thinq-ai-70-70nano75-2021-100194838/p;Modelo;LG
Televisor Philips 55PUD7625;https://www.plazavea.com.pe/televisor-philips-55pud7625-100194829/p;Modelo;PHILIPS
"Televisor DAJU LCD 20"" HD Digital DTL-2100";https://www.plazavea.com.pe/-televisor-daju-lcd-20-hd-digital-dtl-2100-100394368-100394368/p;Modelo;TREVELY
"Televisor Samsung Smart TV The Frame 4K 50"" LS03A con modo Arte (2021)";https://www.plazavea.com.pe/televisor-samsung-smart-tv-the-frame-4k-50-ls03a-con-modo-arte-2021-100148890/p;Modelo;SAMSUNG
"Televisor Samsung QLED 55"" 4K Smart TV 2020 Q80T";https://www.plazavea.com.pe/televisor-samsung-qled-55-4k-smart-tv-2020-q80t-100077744/p;Modelo;SAMSUNG
;https://www.plazavea.com.pe/televisor-samsung-crystal-uhd-60-un60au8000gxpe-100096651/p;;
"Televisor LG NanoCell 4K ThinQ AI 86"" 86NANO75 (2021)";https://www.plazavea.com.pe/televisor-lg-nanocell-4k-thinq-ai-86-86nano75-2021-100173798/p;Modelo;LG
;https://www.plazavea.com.pe/televisor-4k-ultra-hd-smart-tv-75-xbr-75x905h-la8-100083078/p;;
;https://www.plazavea.com.pe/televisor-crystal-samsung-55au7000--4k-uhd-smart-tv--100400553/p;;
"Televisor 4K Ultra HD Smart TV 65"" XBR 65A8H LA8";https://www.plazavea.com.pe/televisor-4k-ultra-hd-smart-tv-65-xbr-65a8h-la8-100148819/p;Modelo;SONY
"Televisor Sony 4K HDR Processor X1 75"" KD-75X80J LA8";https://www.plazavea.com.pe/televisor-sony-4k-hdr-processor-x1-75-kd-75x80j-la8-100095389/p;Modelo;SONY
Televisor LG UHD AI ThinQ 50'' UP77 4K Smart TV;https://www.plazavea.com.pe/televisor-lg-uhd-ai-thinq-50---up77-4k-smart-tv-100365898/p;;LG
"Televisor LED Smart Tv HD 32"" WINIA L32V750BASW";https://www.plazavea.com.pe/televisor-led-smart-tv-hd-32-winia-l32v750basw-100204651/p;;WINIA
"Televisor LED Smart TV FHD 43"" AOC 43S5195";https://www.plazavea.com.pe/televisor-led-smart-tv-fhd-43-aoc-43s5195-100204709/p;;AOC
"Televisor Crystal Samsung 55AU7000"" 4K UHD Smart TV +Audífono P47N";https://www.plazavea.com.pe/televisor-crystal-samsung-55au7000--4k-uhd-smart-tv--audifono-p47n-100400555/p;Modelo;SAMSUNG
;https://www.plazavea.com.pe/televisor-crystal-samsung-55au7000-4k-uhd-smart-tv-100399568-100399568/p;;
"Televisor Sony OLED 4K Ultra HD Smart TV 55"" XR-55A80J LA8";https://www.plazavea.com.pe/televisor-sony-oled-4k-ultra-hd-smart-tv-55-xr-55a80j-la8-100147091/p;Modelo;SONY
;https://www.plazavea.com.pe/televisor-crystal-samsung-55au7000-4k-uhd-smart-tv-audifono-p47b-100399923-100399923/p;;
Televisor Philips 43PUD7406;https://www.plazavea.com.pe/televisor-philips-43pud7406-100194842/p;Modelo;PHILIPS
Televisor LED ThinQ AI 4K UHD LG 43UP7700PSB 2021;https://www.plazavea.com.pe/televisor-led-thinq-ai-4k-uhd-lg-43up7700psb-2021-100204731/p;;LG
;https://www.plazavea.com.pe/televisor-lg-mini-led-4k-thinq-ai-75-75qned90-2021-100173749/p;;
"Televisor Crystal Samsung 55AU7000"" 4K UHD Smart TV +Audífono P47B";https://www.plazavea.com.pe/televisor-crystal-samsung-55au7000--4k-uhd-smart-tv--audifono-p47b-100400548/p;Modelo;SAMSUNG
"Televisor RECCO 32"" HD Android Smart TV RLED-L32D1200A";https://www.plazavea.com.pe/televisor-recco-32--hd-android-smart-tv-rled-l32d1200a-100370304/p;Modelo;RECCO
Tira led RGB USB 2M Premium Youtuber Tiktoker;https://www.plazavea.com.pe/tira-led-rgb-usb-2m-premium-youtuber-tiktoker-100338566/p;;INGENIERIAICSG
"Televisor LED Smart Tv FHD 43"" WINIA L43V750BASW";https://www.plazavea.com.pe/televisor-led-smart-tv-fhd-43-winia-l43v750basw-100204688/p;;WINIA
;https://www.plazavea.com.pe/televisor-led-hd-smart-32-winia-l32v750basw-100393538-100393538/p;;
"Televisor Crystal Samsung 55AU7000"" 4K UHD Smart TV +Audífono P47R";https://www.plazavea.com.pe/televisor-crystal-samsung-55au7000--4k-uhd-smart-tv--audifono-p47r-100400547/p;Modelo;SAMSUNG
"Televisor Crystal Samsung 55AU7000"" 4K UHD Smart TV +Audífono P47A";https://www.plazavea.com.pe/televisor-crystal-samsung-55au7000-4k-uhd-smart-tv-audifono-p47a-100400546-100400546/p;;SAMSUNG
"Televisor Crystal Samsung 55AU7000"" 4K UHD Smart TV";https://www.plazavea.com.pe/televisor-crystal-samsung-55au7000-4k-uhd-smart-tv-100399926-100399926/p;Modelo;SAMSUNG
;https://www.plazavea.com.pe/televisor-crystal-samsung-55au7000-4k-uhd-smart-tv-audifono-p47n-100399571-100399571/p;;
"Televisor Crystal Samsung 55AU7000"" 4K UHD Smart TV +Audífono P47N";https://www.plazavea.com.pe/televisor-crystal-samsung-55au7000-4k-uhd-smart-tv-audifono-p47n-100399920-100399920/p;Modelo;SAMSUNG
;https://www.plazavea.com.pe/televisor-crystal-samsung-55au7000-4k-uhd-smart-tv-audifono-p47b-100399569-100399569/p;;
Televisor Led Smart Tv WebOS de32” JVC LT-32KB116 + Control Magic RM-C3285;https://www.plazavea.com.pe/televisor-led-smart-tv-webos-de32%E2%80%9D-jvc-lt-32kb116-control-magic-rm-c3285-100204740/p;;JVC
"Televisor LG NanoCell 4K ThinQ AI 75"" 75NANO75 (2021)";https://www.plazavea.com.pe/televisor-lg-nanocell-4k-thinq-ai-75-75nano75-2021-100147251/p;Modelo;LG
"Televisor Crystal Samsung 55AU7000"" 4K UHD Smart TV +Audífono P47R";https://www.plazavea.com.pe/televisor-crystal-samsung-55au7000-4k-uhd-smart-tv-audifono-p47r-100399570-100399570/p;Modelo;SAMSUNG
Televisor SAMSUNG LED 43 FULLHD Smart Tv UN43T5202AGXPE;https://www.plazavea.com.pe/televisor-samsung-led-43-fullhd-smart-tv-un43t5202agxpe-100401614/p;Modelo;SAMSUNG
"Televisor LG MINI LED 4K ThinQ AI 65"" 65QNED90 (2021)";https://www.plazavea.com.pe/televisor-lg-mini-led-4k-thinq-ai-65-65qned90-2021-100147253/p;Modelo;LG
"Combo TV 55""KS7500 + Monitor 24""";https://www.plazavea.com.pe/combo-tv-55-ks7500-monitor-24-100077706/p;Modelo;SAMSUNG
;https://www.plazavea.com.pe/lg-oled-48---a1-smartv-con-thinq-ai--inteligencia-artificial--4k-procesador-inteligente-a7gen4-100391619/p;;
;https://www.plazavea.com.pe/televisor-philips-65pud7406-100194840/p;;
;https://www.plazavea.com.pe/televisor-samsung-neo-qled-4k-smart-tv-65--qn85a-2021-100406770/p;;
Televisor Led Smart Tv WebOS de32” JVC LT-32KB116 + Control Magic LG 2020;https://www.plazavea.com.pe/televisor-led-smart-tv-webos-de32%E2%80%9D-jvc-lt-32kb116-control-magic-100204648/p;;JVC
"Televisor Crystal Samsung 55AU7000"" 4K UHD Smart TV +Audífono P47A";https://www.plazavea.com.pe/televisor-crystal-samsung-55au7000-4k-uhd-smart-tv-audifono-p47a-100399572-100399572/p;Modelo;SAMSUNG
;https://www.plazavea.com.pe/televisor-hyundai-55-hyled5521w4km-plateado-100360682/p;;
;https://www.plazavea.com.pe/lg-oled-55---a1-4k-smart-tv-con-thinq-ai--inteligencia-artificial--procesador-inteligente-a7gen4-100391612/p;;
;https://www.plazavea.com.pe/televisor-led-smart-fhd-43-winia-l43v750basw-100393543-100393543/p;;
;https://www.plazavea.com.pe/televisor-samsung-55-smart-tv-serif-qled-4k-qn55ls01tagxpe-100146251/p;;
;https://www.plazavea.com.pe/televisor-samsung-neo-qled-8k-smart-tv-65--qn700a-2021-100406762/p;;
;https://www.plazavea.com.pe/televisor-qled-4k-ultra-hd-smart-tv-82-q60r-100146250/p;;
;https://www.plazavea.com.pe/televisor-samsung-smart-tv-75--uhd-4k-un75au7000gxpe--2021--100400194/p;;
;https://www.plazavea.com.pe/lg-uhd-thinq-ai-43---up77-4k-smart-tv-4k-procesador-inteligente-a5-100391611/p;;
;https://www.plazavea.com.pe/tv-sony-55--full-array-led-4k-uhd-google-tv-xr-55x90j-100406751/p;;
"Televisor  QLED 4K Samsung Smart TV  55"" QN55LS03RAGXPE";https://www.plazavea.com.pe/televisor-qled-4k-samsung-smart-tv-55-qn55ls03ragxpe/p;Modelo;SAMSUNG
"Televisor LED Smart TV HD 32"" Samsung UN32T4300";https://www.plazavea.com.pe/televisor-led-smart-tv-hd-32-samsung-un32t4300-100393545-100393545/p;Modelo;SAMSUNG
;https://www.plazavea.com.pe/televisor-lg-uhd-thinq-ai-50---up77-4k-smart-tv-4k-procesador-inteligente-a5-magic-remote-100391613/p;;
;https://www.plazavea.com.pe/lg-uhd-thinq-ai-50---up77-4k-smart-tv-4k-procesador-inteligente-a5-magic-remote-100383014/p;;
;https://www.plazavea.com.pe/televisor-samsung-crystal-uhd-4k-smart-tv-75--au8000-2021-100406777/p;;
"Televisor inteligente 50"" QLED 4K Q80A (2021)";https://www.plazavea.com.pe/televisor-inteligente-50-qled-4k-q80a-2021-100360698/p;Modelo;SAMSUNG
;https://www.plazavea.com.pe/televisor-65-motorola-uhd-4k-mot65uld01-wos-5-0-100402848/p;;
;https://www.plazavea.com.pe/televisor-32-xiaomi-hd-p1-l32m6-mtk-100402844/p;;
;https://www.plazavea.com.pe/televisor-samsung-neo-qled-4k-smart-tv-65--qn90a-2021-100406768/p;;
;https://www.plazavea.com.pe/televisor-43-xiaomi-uhd-p1-l43m6-mtk-100402841/p;;
"Televisor 50"" UN50TU8500GXPE";https://www.plazavea.com.pe/televisor-50-un50tu8500gxpe-100105120/p;Modelo;SAMSUNG
;https://www.plazavea.com.pe/televisor-43-motorola-fhd-mot43fld01-wos-5-0-100402846/p;;
"Televisor Samsung Smart TV 85"" QLED 4K QN85Q70AAGXPE (2021)";https://www.plazavea.com.pe/televisor-samsung-smart-tv-85--qled-4k-qn85q70aagxpe--2021--100406778/p;Modelo;SAMSUNG
;https://www.plazavea.com.pe/televisor-50-motorola-uhd-4k-mot50uld01-wos-5-0-100402843/p;;
LG UHD ThinQ AI 55'' 55UP7750PSB 4K Smart TV, 4K Procesador Inteligente a5;https://www.plazavea.com.pe/lg-uhd-thinq-ai-55---55up7750psb-4k-smart-tv-4k-procesador-inteligente-a5-100383012/p;Modelo;LG
;https://www.plazavea.com.pe/televisor-led-monitor-19-digital-hd-diore-dtb19-100204728/p;;
;https://www.plazavea.com.pe/rack-klip-xtreme-led-lcd-soporte-fijo-televisores-de-23-a-46-45kg-kpm-715-100376062/p;;
"Televisor Led Smart UHD 4K 43"" Panasonic TC-43GX510P";https://www.plazavea.com.pe/televisor-led-smart-uhd-4k-43-panasonic-tc-43gx510p-100393549-100393549/p;Modelo;PANASONIC
"Televisor 32"" Motorola HD Netflix";https://www.plazavea.com.pe/televisor-32-motorola-hd-netflix-100402845/p;Modelo;MOTOROLA
;https://www.plazavea.com.pe/televisor-hisense-32-led-smart-tv-hd-32a4gsv-100143169/p;;
;https://www.plazavea.com.pe/televisor-led-smart-fhd-43-winia-l43v750basw-100182273/p;;
"Televisor Sony 4K HDR Processor X1 65"" KD-65X80J LA8";https://www.plazavea.com.pe/televisor-sony-4k-hdr-processor-x1-65--kd-65x80j-la8-100406772/p;Modelo;SONY
;https://www.plazavea.com.pe/-accesorio-de-televisor-chromecast-with-google-tv-4k-100366732/p;;
"Hisense TV UHD HDR 65"" 65A6GSV";https://www.plazavea.com.pe/hisense-tv-uhd-hdr-65--65a6gsv-100406706/p;Modelo;HISENSE
Rack Fijo Tv 23 Hasta 63 Pulgadas Televisor Pared;https://www.plazavea.com.pe/rack-fijo-tv-23-hasta-63-pulgadas-televisor-pared-100360022/p;Modelo;GENERICO
Estante Multifuncional para Televisor o Monitor;https://www.plazavea.com.pe/estante-multifuncional-para-televisor-o-monitor-100097514/p;;OTTOWARE
"Televisor LED Smart TV HD 32"" Samsung UN32T4300";https://www.plazavea.com.pe/televisor-led-smart-tv-hd-32-samsung-un32t4300-100182261/p;Modelo;SAMSUNG
"Televisor RECCO 32"" HD Android Smart TV RLED-L32D1200A";https://www.plazavea.com.pe/televisor-recco-32-hd-android-smart-tv-rled-l32d1200a-100143177/p;Modelo;RECCO
"Televisor Led HD Smart 32"" WINIA L32V750BASW";https://www.plazavea.com.pe/televisor-led-hd-smart-32-winia-l32v750basw-100182264/p;Modelo;WINIA
